Student Name,student.name@utoronto.edu
Student Name,student.name@utoronto.edu
Student Name,student.name@utoronto.edu
Student Name,student.name@utoronto.edu
Student Name,student.name@utoronto.edu
Student Name,student.name@utoronto.edu
Student Name,student.name@utoronto.edu
Student Name,student.name@utoronto.edu
Student Name,student.name@utoronto.edu
Student Name,student.name@utoronto.edu
Student Name,student.name@utoronto.edu
Student Name,student.name@utoronto.edu
Student Name,student.name@utoronto.edu
Student Name,student.name@utoronto.edu
